Price,Cup,Hero
351.323829,2287,35
234.215886,4500,35
146.384929,1679,23
2576.374745,39000,84
831.466395,11665,53
292.769857,2400,22
234.215886,600,21
351.323829,4000,28
593.737271,4878,28
702.647658,13960,46
2342.158859,42603,83
1171.07943,24125,64
936.863544,24320,56
29276.985743,38573,83
10305.498982,38573,83
1405.295316,24000,71
445.010183,14200,42
269.348269,16000,50
409.8778,8950,38
585.539715,4820,37
409.8778,2750,34
292.769857,5800,38
1346.741344,29200,75
292.769857,6700,40
1171.07943,22000,67
3512.06721,45000,83
1756.619145,28037,79
1990.835031,22000,65
995.417515,25,74
2647.269659,32299,81
1288.187373,26600,80
702.647658,26277,59
819.755601,12000,43
259.979633,6000,35
40.98778,723,14
76.120163,1977,36
40.98778,451,9
134.674134,2543,30
1114.996436,23597,67
310.336049,7000,42
1053.971487,25086,76
409.8778,10027,49
1463.849287,25000,71
115.936864,1223,28
819.755601,15000,66
585.539715,21900,63
526.985743,5000,38
1990.835031,26000,60
292.769857,3689,39
210.794297,5366,44
608.961303,28800,64
200.254582,6100,34
1253.05499,42000,75
2927.698574,44000,85
234.215886,1500,19
395.930244,9200,32
292.769857,17000,56
989.819756,15698,52
8197.556008,53000,85
1053.971487,24723,74
995.417515,11650,46
263.492872,5310,34
1989.663951,31500,81
2459.266802,40317,76
99.541752,1601,12
105.397149,1114,16
132.331976,728,11
105.397149,421,8
186.201629,1711,22
2927.698574,13352,60
210.794297,1312,18
878.309572,25778,56
1171.07943,17000,52
649.949084,10525,44
81.97556,527,14
1756.619145,24000,65
1756.619145,8000,35
702.647658,10000,42
819.755601,7000,42
1171.07943,26200,78
4215.885947,33800,83
571.73703,1302,29
702.647658,18300,53
7026.476578,51829,85
585.539715,19562,57
2342.158859,20000,65
936.863544,19279,57
140.529532,1,4
76.120163,2273,16
409.8778,8883,51
409.8778,2301,36
409.8778,7470,34
409.8778,16200,56
1322.148676,19000,68
409.8778,2699,28
692.869145,24291,67
2459.266802,36680,83
6618.174148,26006,77
877.138493,21472,64
661.817415,15000,49
644.093686,11450,46
117.107943,1000,12
585.539715,11416,45
409.8778,1133,28
468.431772,16833,55
2342.158859,30508,75
1053.971487,18905,52
936.863544,28000,73
409.8778,4500,44
351.323829,2900,35
593.737271,20121,63
2898.409878,32669,76
1488.441955,24730,67
1288.175662,23067,63
819.755601,20441,60
585.539715,2534,28
1053.971487,26018,66
526.985743,17697,44
1405.295316,30106,76
526.985743,13066,48
468.431772,10205,51
644.093686,12574,33
608.961303,19188,58
644.093686,15592,59
374.745418,1664,10
1639.511202,29525,61
2342.158859,28310,68
351.323829,5000,30
1288.187373,37000,62
1756.619145,41000,80
3513.238289,57869,83
146.384929,4300,42
644.093686,9098,39
6440.936864,51343,82
4098.778004,31000,74
234.215886,952,18
175.661914,724,19
5269.857434,47000,83
3513.238289,25000,70
117.107943,1488,29
1990.835031,33000,74
5269.857434,55000,84
1405.295316,45000,79
386.456212,8724,38
386.456212,10136,48
4.684318,10,1
81.97556,500,14
1171.07943,18900,70
70.264766,407,11
351.323829,14457,56
585.539715,7545,43
351.323829,4000,44
614.816701,24992,65
702.647658,21267,70
415.733198,10000,46
1662.93279,34673,83
1668.788187,36088,83
878.309572,15602,38
5855.397149,12000,53
2927.698574,38300,78
503.564155,13500,38
3513.238289,29630,75
409.8778,12169,35
500.004073,20500,54
117.107943,3500,19
1873.727088,25032,67
4098.778004,38900,83
1588.361796,27000,78
1112.525458,27000,70
93.686354,585,11
117.107943,839,20
351.323829,12502,44
4684.317719,39814,80
9368.635438,40000,80
526.985743,4000,20
585.539715,4000,20
468.431772,700,12
234.215886,8228,38
409.8778,2322,37
152.240326,508,20
199.083503,1165,22
140.529532,1027,25
398.167006,1442,27
878.309572,26500,73
1053.971487,17500,53
29276.985743,63000,84
1990.835031,17475,58
819.755601,12012,50
585.539715,8225,46
515.274949,14334,47
292.769857,3800,31
175.661914,5000,19
70.264766,600,9
3.513238,1,1
140.529532,3000,27
281.059063,6000,24
454.378819,13284,39
644.093686,7531,44
468.431772,4512,29
702.647658,19438,60
1053.971487,29605,78
58.553971,300,3
661.817415,8000,50
245.92668,2245,23
292.769857,12300,37
175.661914,6346,43
4918.533605,50200,85
2342.158859,22827,61
6440.936864,31227,83
761.201629,9000,46
5855.397149,22576,68
152.240326,1758,28
468.431772,21000,60
23421.588595,57000,84
117.107943,1245,27
2927.698574,43003,84
599.990835,17200,50
462.576375,13000,39
1698.065173,31100,73
644.093686,22035,51
3513.238289,57869,82
1756.619145,41000,80
761.201629,19151,55
292.769857,11000,40
3337.576375,43100,83
936.863544,21165,69
398.167006,15607,51
901.731161,22252,68
585.539715,10573,51
702.647658,26000,72
1141.802444,30000,76
468.431772,4409,31
2927.698574,24286,69
1346.741344,37500,69
1288.187373,16700,48
233.044807,3300,30
530.446283,10750,39
1405.295316,40000,69
175.661914,1330,15
2107.942974,35691,74
1171.07943,24300,67
1171.07943,28357,69
1463.849287,29000,78
199.083503,7600,36
1171.07943,30000,72
585.539715,10000,50
1756.619145,38700,84
3122.09776,27991,60
1249.541752,3070,36
1301.069246,32000,80
642.922607,4022,41
1990.835031,32938,84
234.215886,4076,43
468.431772,7332,33
2342.158859,31918,82
1169.90835,20406,52
7026.476578,35458,85
743.635438,18100,66
1756.619145,27500,70
19322.810591,79201,82
11125.254582,55166,85
16395.112016,79399,85
7026.476578,60240,85
4684.317719,53744,83
8021.894094,47433,84
6733.706721,52269,82
395.918534,15000,59
582.834521,15000,45
1053.971487,20382,56
3279.022403,31548,76
3499.000305,17390,51
1027.03666,26000,72
1905.7901,32900,63
23421.588595,82000,84
819.755601,7700,31
819.755601,22397,56
1334.05307,32000,74
2575.203666,36734,77
4684.317719,30000,73
2693.482688,34613,83
1346.741344,30000,72
1171.07943,8933,44
409.8778,500,13
614.816701,24278,64
234.215886,12500,45
2342.158859,28200,67
70.264766,1443,12
105.397149,1520,12
233.044807,8528,38
234.215886,4000,39
7026.476578,53500,84
256.466395,12486,47
183.85947,6999,46
1405.295316,20000,69
234.215886,11000,37
140.529532,2900,41
149.898167,1100,33
140.529532,1700,28
297.454175,4232,30
292.769857,3452,30
315.020367,3116,32
585.539715,24500,75
878.309572,33500,70
702.647658,16400,56
409.8778,11000,43
468.431772,19000,53
46.843177,205,6
3513.238289,43136,85
210.794297,7394,38
117.107943,1100,21
175.661914,1080,28
175.661914,1127,23
175.661914,1537,23
11710.794297,26170,63
748.319756,21504,67
1171.07943,18200,33
4215.885947,31500,75
1985.452244,26000,67
292.769857,3500,30
4684.317719,36600,83
2576.374745,37000,77
11710.794297,60000,81
1171.07943,26000,75
1873.727088,39080,74
1171.07943,22000,59
2342.158859,32200,81
3513.238289,44700,84
111.252546,4818,39
2602.138493,44444,83
30448.065173,71178,85
468.431772,7267,45
292.769857,10169,41
46.843177,509,12
779.9389,16000,53
779.9389,16000,53
585.539715,22800,68
1171.07943,9251,43
468.431772,16000,53
2342.158859,39200,85
1112.525458,12674,52
117.107943,5339,40
117.107943,2480,29
4335.171303,50000,84
234.215886,3475,40
234.215886,1183,23
152.240326,1401,23
1053.971487,15655,41
234.215886,3296,32
1053.971487,30384,72
234.215886,1262,20
468.431772,13639,55
175.661914,1116,25
234.215886,2941,40
5855.397149,23800,73
15224.032587,60774,83
15224.032587,60774,83
1171.07943,5000,43
421.588595,19452,66
491.85336,19500,53
819.755601,27734,68
12881.873727,62000,84
234.215886,3864,30
3513.238289,47000,85
989.562118,17333,54
18.737271,1,2
585.539715,18600,61
1756.619145,30000,76
9953.004073,31900,82
2037.678208,32446,78
292.769857,757,15
1756.619145,41400,84
526.985743,3229,40
2927.698574,33000,83
63.526337,1400,15
1463.849287,21712,54
40.98778,459,19
2927.698574,34000,84
2275.407332,43666,80
1171.07943,28656,69
796.334012,17100,51
69.093686,680,15
257.637475,3360,22
119.450102,1735,18
468.431772,13600,51
409.8778,2200,29
35132.382892,65500,75
2927.698574,30000,50
1200.000407,20123,48
526.985743,5062,29
409.8778,1700,15
1353.767821,17485,63
58.553971,500,14
1171.07943,27500,72
1639.511202,36504,77
1053.971487,35741,72
3513.238289,12800,53
1100.814664,15987,46
1053.971487,28736,68
1756.619145,37575,79
1171.07943,26000,74
1041.288697,25000,69
9368.635438,36000,80
222.505092,4610,23
69.29277,1264,13
891.191446,17200,51
2927.698574,31331,77
259.979633,3500,29
300.967413,14503,36
5.855397,1,1
44.501018,574,9
3513.238289,30064,73
14052.953157,65000,85
2342.158859,31625,84
3513.238289,31000,81
7061.608961,47000,85
1171.07943,23955,66
2342.158859,22296,55
1756.619145,19400,49
245.92668,1400,22
380.600815,5000,27
586.148676,22700,54
585.539715,9139,49
585.539715,9133,39
292.769857,4800,36
1171.07943,24900,69
1756.619145,34800,80
409.8778,8000,35
81.97556,2100,16
423.563145,18000,58
727.999156,23700,67
1405.295316,27000,71
1053.971487,17500,57
1756.619145,40000,74
1463.849287,18000,30
1229.633401,10150,37
1580.95723,9000,38
772.912424,2693,27
702.647658,14500,50
175.661914,2400,32
40.98778,1,2
4252.236253,32682,84
234.215886,1000,21
1167.566191,18000,55
2225.050916,32000,73
585.539715,17663,45
1522.403259,26000,71
901.731161,28647,69
1522.403259,24700,65
526.985743,4000,28
29276.985743,71000,85
291.598778,4738,35
818.584521,23511,65
819.755601,11040,57
702.647658,7502,40
2927.698574,33176,78
819.755601,13568,56
4148.579695,49093,83
794.180898,11000,50
1058.907864,15000,44
1171.07943,10666,41
7026.476578,47608,83
269.348269,9500,30
28105.906314,53000,78
29276.985743,47000,78
52698.574338,70000,81
468.431772,16000,59
1053.971487,31610,76
4567.209776,52000,84
1990.835031,24500,62
175.661914,5691,37
292.769857,6170,34
1873.727088,37440,72
234.215886,1443,24
995.417515,25000,53
2342.158859,38500,84
2927.698574,27915,73
3747.454175,26000,69
58.553971,517,15
58.553971,512,14
936.863544,19750,59
2927.698574,38817,83
117.107943,2800,27
93.686354,1200,22
1405.295316,35649,72
175.661914,3151,28
175.661914,3151,28
1522.403259,23598,54
6440.936864,51266,80
351.323829,16700,57
1171.07943,24500,67
503.564155,13500,45
2809.419552,21904,61
351.323829,14000,53
1756.619145,40500,82
819.755601,26500,73
1639.511202,29000,80
1288.187373,21195,68
550.407332,17596,56
772.912424,27100,70
644.093686,19568,61
995.417515,31285,76
99.541752,2435,29
351.323829,14864,46
58.553971,2201,16
2927.698574,45000,84
16395.112016,69849,83
234.215886,5500,39
936.863544,33979,62
1522.403259,20000,62
152.240326,1000,20
737.780041,5000,35
7612.016293,35669,65
936.863544,11925,66
503.564155,12560,51
585.539715,12582,59
1171.07943,11401,46
644.093686,12500,41
585.539715,4200,34
187.372709,8000,37
409.8778,11953,46
58.553971,400,9
58.553971,400,9
70.264766,400,8
70.264766,400,11
2459.266802,40000,83
2927.698574,32666,84
2576.374745,44276,82
1405.295316,18000,46
234.215886,8000,35
1171.07943,16660,52
1873.727088,29900,54
819.755601,23300,62
702.647658,9400,36
105.397149,10,2
35.132383,1,2
35.132383,1,1
585.539715,13900,56
502.393075,22786,60
819.755601,14082,53
878.309572,27000,65
8197.556008,44331,85
409.8778,9166,36
117.107943,3120,40
58.553971,350,5
1171.07943,29000,63
1171.07943,5147,35
4098.778004,40000,82
2927.698574,17000,74
7026.476578,33333,85
11710.794297,70000,82
29276.985743,60619,82
292.769857,10000,47
585.539715,4751,28
585.539715,3278,20
819.755601,10432,31
2693.482688,30777,81
13467.413442,42008,84
351.323829,7398,49
1522.403259,15500,56
1756.619145,29928,75
1171.07943,28001,65
234.215886,5000,20
4684.317719,53000,83
1206.211813,25875,78
4235.631455,45800,84
526.985743,3134,34
409.8778,12100,49
5855.397149,51600,82
491.85336,8500,47
526.985743,13250,41
526.985743,25025,65
2342.158859,37217,84
2693.482688,25527,66
9368.635438,53603,85
9368.635438,36357,82
327.90224,4500,37
468.431772,7176,39
936.863544,27850,78
761.201629,28288,79
819.755601,12020,42
5855.397149,31423,79
3396.130346,18250,58
234.215886,6011,41
1755.448065,30473,72
5593.68079,36827,84
1038.747454,23295,67
700.305499,25937,71
234.215886,1004,23
351.323829,1307,26
175.661914,1218,23
163.95112,1442,21
702.647658,17849,57
409.8778,12667,50
749.490835,26300,79
1639.511202,41470,84
3513.238289,46800,84
526.985743,20222,53
2107.942974,28100,69
1288.187373,21803,68
503.564155,9272,50
1463.849287,19500,56
3513.238289,32465,55
7612.016293,56000,84
140.763747,7800,41
796.334012,12364,61
995.417515,32000,59
819.755601,27142,72
1288.187373,20212,67
2342.158859,25050,74
526.985743,8500,35
1522.403259,33400,78
1171.07943,26005,70
7278.258656,60400,85
878.309572,30511,75
5269.857434,48000,85
585.539715,22000,65
2342.158859,15000,68
81.97556,1220,21
2342.158859,30000,74
467.260692,8368,39
111.252546,893,23
1209.771894,17240,55
1756.619145,25600,69
256.466395,3737,39
468.431772,764,20
526.985743,20809,60
175.661914,5348,38
142.87169,1436,24
2602.138493,36000,85
585.539715,10500,47
1873.727088,16000,62
175.661914,5029,36
169.806517,5029,36
351.323829,5500,32
2468.635438,34500,84
2166.496945,27200,64
117.107943,549,12
292.769857,1700,29
1405.295316,25000,63
761.201629,10801,60
2927.698574,46000,85
702.647658,15000,59
351.323829,2700,25
3513.238289,21000,78
70.264766,640,24
445.010183,9400,47
59388.95112,71000,85
234.215886,4684,39
351.323829,1419,19
58.553971,51,4
175.661914,3249,24
175.661914,5363,28
667.515275,24319,75
46.843177,1500,13
1053.971487,27844,78
585.539715,8097,38
97.726578,1500,18
4949.087067,55000,82
2342.158859,39000,76
10.656823,7,2
10.773931,2,2
2342.158859,20000,79
585.539715,4800,37
1873.727088,34424,81
1873.727088,19508,64
2927.698574,35000,83
1463.849287,29000,75
4098.778004,45000,83
234.215886,1500,16
468.431772,9200,40
351.323829,7900,36
761.201629,19000,56
234.215886,920,26
2166.496945,41000,84
2342.158859,31424,80
2459.266802,44500,79
234.215886,1000,22
152.240326,1537,24
9954.175153,23772,64
1171.07943,4003,30
1229.633401,6011,35
1053.971487,3454,35
1053.971487,3995,34
1288.187373,8423,50
1463.849287,34783,72
556.262729,19500,54
199.083503,408,12
395.824847,21823,62
187.372709,1626,17
187.372709,699,21
1487.270876,16770,55
2342.158859,14540,56
468.431772,11319,47
319.704684,6217,46
349.56721,6685,49
199.083503,13458,41
3513.238289,25000,82
409.8778,4431,32
351.323829,3180,32
3806.008147,40000,82
585.539715,16943,64
935.692464,23400,66
264.726966,9000,30
936.863544,23935,72
199.083503,1300,20
585.539715,20000,70
1299.898167,32200,83
6440.936864,25865,66
2107.942974,36000,79
585.539715,4400,26
1639.511202,25308,69
503.564155,15000,50
1053.971487,2667,34
58.553971,1718,24
11.710794,10,4
40.98778,66,10
1582.011202,20000,55
351.323829,9500,47
11710.794297,60000,85
791.842923,21200,51
79.188391,1301,16
1171.07943,30400,75
503.564155,4400,34
210.794297,7713,38
409.8778,11502,35
409.8778,11131,40
1053.971487,30000,70
585.539715,19000,68
2107.942974,28000,72
1053.971487,20446,51
285.743381,18204,44
58.553971,1205,9
1755.448065,10616,36
620.672098,26000,59
562.118126,12000,53
409.8778,17482,45
269.348269,5000,27
819.755601,28000,76
140.529532,412,19
175.661914,448,20
409.8778,3423,26
2342.158859,32000,83
292.769857,6600,43
878.309572,22699,73
1522.403259,22904,58
175.661914,4874,31
995.417515,32000,76
854.887984,25700,73
1171.07943,28000,74
5269.857434,50800,84
761.201629,9735,37
644.093686,9744,47
351.323829,10500,49
585.539715,10000,50
117.107943,6000,37
199.083503,10000,42
2342.158859,28780,69
23.421589,1,1
1522.403259,37309,81
1756.619145,17311,64
1018.839104,23527,77
269.348269,4004,29
936.863544,21330,61
14052.953157,72600,84
1053.971487,25682,66
234.215886,4252,31
468.431772,16731,58
4332.99389,40881,82
4684.317719,30910,74
1171.07943,24300,66
3981.670061,35000,81
7026.476578,23000,70
2342.158859,22000,73
4801.425662,41488,84
1288.187373,24647,71
3279.022403,45000,83
281.059063,14743,40
1756.619145,14533,46
12881.873727,73000,83
14052.953157,65000,85
1815.173116,19331,63
3513.238289,6000,35
971.995927,26544,58
351.323829,5880,36
644.093686,12911,57
292.769857,6103,31
2342.158859,28707,68
1171.07943,15075,48
1815.173116,29000,61
351.323829,3500,23
175.661914,799,13
10539.714868,73035,85
409.8778,3000,26
2342.158859,34800,84
6909.368635,42898,80
222.505092,11202,47
526.985743,18334,55
585.539715,12000,49
1171.07943,26475,74
2058.757637,36971,81
4098.778004,22267,81
351.323829,2250,25
2810.590631,42000,84
351.323829,3316,36
292.769857,3275,36
2.342159,1,1
2927.698574,19268,66
351.323829,11000,35
210.794297,13500,53
819.755601,20215,54
468.431772,12871,56
3513.238289,30544,75
248.268839,1305,22
199.083503,4262,34
9954.175153,57777,81
4098.778004,36900,82
5269.857434,34000,82
2342.158859,46350,84
726.069246,7654,41
87.830957,464,10
644.093686,18795,60
398.167006,9461,54
2870.315682,23099,74
819.755601,18300,55
5855.397149,40000,81
351.323829,6413,47
878.309572,24000,70
409.8778,17000,53
585.539715,11250,40
585.539715,13234,43
292.769857,4500,29
1756.619145,24000,75
234.215886,5017,33
2342.158859,34865,83
351.323829,18500,46
7623.160401,43000,83
8197.556008,61000,85
351.323829,2376,33
99.998473,800,19
152.240326,805,18
117.107943,406,18
99.541752,712,19
140.529532,422,20
409.8778,9648,44
1500.000509,33628,78
1756.619145,42000,79
468.431772,18000,69
58.553971,1500,12
1171.07943,22000,61
128.818737,2855,39
386.456212,13656,49
526.985743,3078,36
351.323829,7500,32
374.745418,14000,54
1474.389002,14887,54
1405.295316,21578,67
175.661914,5781,33
585.539715,17642,64
1756.619145,27546,66
4098.778004,31000,72
796.334012,16000,59
99.541752,550,15
2927.698574,28500,78
2927.698574,27000,80
351.323829,16000,37
1979.124236,38800,76
1053.971487,30937,72
1522.403259,34000,80
1756.619145,32200,76
644.093686,14411,53
936.863544,4803,37
2342.158859,13300,48
350.152749,8000,31
4332.99389,49232,85
15225.004582,72000,85
673.370672,10700,48
1288.187373,28000,80
7143.584521,49000,85
1257.453088,14190,63
2576.374745,28803,70
269.348269,8600,37
5855.397149,42591,84
2927.698574,24500,72
936.863544,13800,47
99.998473,555,10
99.998473,505,10
99.998473,505,10
99.998473,515,13
819.755601,31218,79
351.323829,20456,54
8783.095723,60005,85
4684.317719,23083,73
1112.525458,23650,69
1720.725279,25860,67
25178.207739,65600,84
87.830957,1754,25
468.431772,3000,24
374.745418,1000,19
3044.360108,40661,83
2250.17921,32060,81
1405.295316,4341,31
1979.124236,19700,62
9898.162424,30000,85
351.323829,11000,35
351.323829,8000,35
468.431772,10100,52
2342.158859,32112,76
7260.692464,40000,85
436.799494,3747,38
386.456212,7000,55
5151.578411,50000,83
2576.374745,9000,43
585.539715,20317,56
2576.374745,45000,79
989.562118,15440,63
222.505092,11546,37
1089.10387,17000,61
2488.543788,31000,78
397.090449,1488,27
661.817415,14800,69
1058.907864,28691,75
292.769857,7044,31
87.830957,400,14
92.515275,458,10
2927.698574,21500,56
5855.397149,41000,83
251.490618,2007,18
585.539715,4500,49
396.410387,3000,32
2927.698574,19000,68
5855.397149,60785,84
257.637475,10131,50
2365.580448,6000,34
18737.270876,35000,72
468.431772,14700,52
247.437373,1150,23
1990.835031,27032,67
175.661914,1513,28
1522.403259,28411,53
808.044807,23608,67
5855.397149,32000,80
175.661914,1674,22
585.539715,7337,50
2576.374745,17963,59
152.240326,8692,37
936.863544,15986,64
1323.63483,20700,58
11710.794297,45000,81
2927.698574,42000,85
1299.898167,33343,75
1405.295316,27788,75
702.647658,6000,38
995.417515,21089,53
644.093686,14194,53
1756.619145,20000,53
304.480652,9040,45
175.661914,5524,35
1756.619145,10442,53
234.215886,14000,44
1053.971487,24721,57
292.769857,9500,46
819.755601,22800,52
5855.397149,50233,82
644.093686,9530,46
623.828626,16636,49
210.794297,518,20
936.863544,12600,50
1171.07943,17000,62
494.909878,13918,39
1194.501018,20240,69
2342.158859,42650,78
234.215886,5500,35
199.083503,5589,28
1171.07943,15000,51
3513.238289,28931,53
3512.06721,25700,67
93.686354,2800,19
3160.743381,37700,83
644.093686,25978,58
257.637475,2230,27
257.637475,2200,24
316.191446,1695,27
175.661914,512,18
381.15802,18991,59
585.539715,12196,49
5855.397149,44400,83
926.544381,18090,62
3513.238289,49600,85
1053.971487,23700,77
44.501018,657,14
117.096232,2367,23
292.769857,11425,37
702.647658,15616,60
702.647658,18000,53
1815.173116,27959,61
2986.252546,36000,84
1990.835031,36898,76
1145.315682,33925,83
1756.619145,24000,59
585.539715,13952,44
3684.527527,55483,84
702.647658,21317,65
2342.158859,23500,60
93.686354,5489,46
585.539715,12184,50
351.323829,8400,41
701.476578,20398,64
3513.238289,24432,64
292.769857,7679,45
1405.295316,30585,66
1580.95723,30457,80
409.8778,8500,35
585.539715,10000,40
409.8778,4300,30
2225.050916,34404,77
23.421589,582,10
585.539715,20000,777777777
381.15802,16063,48
2342.158859,32000,77
257.637475,9430,34
99.541752,303,9
1756.619145,32889,79
702.647658,23263,67
990.733198,21356,63
409.8778,4060,36
158.095723,6974,27
203.767821,1323,17
2693.482688,29903,71
3279.022403,30036,72
467.260692,17225,53
900.560081,27988,65
351.323829,4800,40
2342.158859,30055,84
702.647658,17776,53
2927.698574,26000,69
409.8778,17702,50
2100.003055,21487,58
1100.004277,14671,59
2459.266802,43765,84
304.480652,1500,18
3864.562118,51656,85
1370.162933,1,1
5.269857,1,1
7.026477,1,2
2927.698574,37550,79
23421.588595,75459,83
819.755601,23193,71
818.584521,17000,61
819.755601,23000,59
702.647658,17000,60
175.661914,1523,28
17.566191,39,7
23.421589,33,8
23.421589,10,10
269.348269,2195,26
29.276986,39,7
17566.191446,49281,85
1756.619145,30100,82
234.215886,1300,25
1171.07943,30000,68
351.323829,4088,36
1346.741344,27421,67
3044.806517,50670,82
351.323829,16857,55
1580.95723,28000,60
620.672098,14000,53
1171.07943,24000,83
6352.633667,39600,78
526.985743,6051,28
936.863544,28795,68
3747.454175,44161,85
2342.158859,35000,85
4098.778004,39940,79
585.539715,15000,53
4684.317719,46204,85
2342.158859,35000,83
292.769857,6421,25
526.985743,19000,60
2342.158859,43000,83
2342.158859,33000,80
3513.238289,33500,82
1178.105906,26000,75
1873.727088,15775,59
2459.266802,30080,75
644.093686,3935,34
2693.482688,40000,81
1405.295316,15911,61
59.725051,574,17
526.985743,23000,52
4684.317719,51210,84
351.323829,12000,45
661.817415,27000,64
386.456212,5596,40
351.323829,6000,29
26.934827,756,11
380.600815,16058,41
351.323829,13726,45
1288.187373,34050,78
351.323829,15482,35
1405.295316,27600,70
702.647658,20900,58
2693.482688,25000,69
761.201629,23051,71
936.863544,13752,61
433.299389,14083,55
1454.674678,35650,78
1588.361796,34500,76
702.647658,25120,65
2342.158859,26000,73
4098.778004,36000,80
4683.14664,36000,80
1405.295316,30332,68
3688.900204,38692,82
526.985743,11379,48
585.539715,4000,30
292.769857,1390,28
234.215886,1300,21
436.799494,16707,49
4684.317719,37150,83
2342.158859,16141,58
234.215886,4769,43
292.769857,3800,33
1905.7901,37000,67
2340.98778,17829,53
819.755601,30000,58
3161.91446,40000,84
216.649695,9468,47
1756.619145,32000,79
702.647658,21700,68
526.985743,20233,62
175.661914,7834,36
1171.07943,25635,79
550.407332,22888,62
409.8778,11720,38
2927.698574,37770,78
1756.619145,23343,62
585.539715,19969,66
1171.07943,31000,73
15224.032587,42747,71
995.417515,20008,63
468.431772,15000,45
1228.462322,26,81
1755.448065,27500,73
234.215886,5300,26
1756.619145,21252,69
2342.158859,35486,77
6440.936864,57500,85
585.539715,23300,63
351.323829,9077,45
409.8778,7685,47
526.985743,16100,53
2342.158859,44222,80
468.431772,23533,69
585.539715,16347,51
146.384929,6621,35
5269.857434,46000,82
585.539715,9000,47
468.431772,17801,52
1053.971487,22500,59
29275.814664,62000,84
2927.698574,36000,84
350.000509,20211,51
1171.07943,23620,79
4684.317719,31000,67
995.417515,12450,50
210.794297,745,22
1990.835031,26700,74
351.323829,17076,59
409.8778,19050,58
936.863544,20062,60
585.539715,21500,56
644.093686,22000,71
140.529532,80,11
2342.158859,3391,32
819.755601,8700,36
644.093686,3391,31
995.417515,28800,76
2927.698574,33700,80
526.985743,18217,53
538.696538,19807,56
122.96334,16000,55
1171.07943,27300,75
2032.842774,34250,77
585.539715,21000,65
468.431772,24000,64
234.215886,2207,31
76.120163,621,15
87.830957,738,16
117.107943,916,21
134.674134,1394,19
99.541752,1009,19
210.794297,3400,37
146.384929,2600,21
158.095723,2600,28
1873.727088,31000,81
1755.448065,23200,73
761.201629,19464,59
1405.295316,21227,71
1171.07943,7359,45
8197.556008,67801,85
936.863544,15500,56
1985.452244,30500,80
702.647658,10000,37
796.334012,25000,63
428.615071,3579,37
5855.397149,45200,82
1990.835031,39700,79
99.998473,30,7
585.539715,19763,62
409.8778,19546,72
936.863544,21500,56
526.985743,8444,38
40.98778,344,11
2166.496945,37045,77
3176.316834,38726,85
174.490835,400,13
70.264766,2006,25
692.869145,17171,58
702.647658,16627,63
279.887984,4950,26
419.246436,6581,28
435.641548,9440,35
336.099796,7867,26
1405.295316,30013,72
8197.556008,22000,65
885.968432,16395,49
5855.397149,46000,83
819.755601,2000,53
585.539715,5415,36
585.539715,17491,67
936.863544,25550,61
1405.295316,18829,60
8197.556008,34000,82
257.637475,7232,35
351.323829,5786,38
3864.562118,41970,81
1522.403259,28715,81
117.107943,5500,35
199.083503,8415,38
117.107941,741,18
175.661911,1509,26
585.539715,20115,70
296.283096,3102,42
7026.476578,61000,83
3513.238289,22583,71
234.215886,4000,36
5855.397149,28226,78
2225.050916,18000,70
1016.421387,10078,46
468.431772,13000,61
119.450102,658,19
468.431772,1803,31
351.323829,5829,40
666.344196,19000,64
9698.879837,62300,85
234.215886,1971,22
585.539715,13410,45
7026.476578,38000,85
351.323829,5100,41
3571.792261,25100,68
1053.971487,23500,67
4098.778004,43000,84
819.755601,6453,47
585.539715,23,50
58.553971,200,6
819.755601,13500,47
3513.238289,15052,63
643.379328,20000,64
117.107943,1912,29
128.818737,2262,32
163.95112,3001,34
175.661914,981,34
878.309572,18540,70
2779.633142,31000,82
468.431772,12407,46
1171.07943,34000,78
585.539715,15000,57
1405.295316,32000,74
1731.341038,24688,75
1385.072831,26000,63
585.539715,6050,40
1463.849287,27389,70
1756.619145,20109,58
5621.181263,42168,84
468.431772,6500,53
1089.10387,35869,73
1171.07943,29198,76
2927.698574,41200,85
3279.022403,42400,85
1171.07943,31000,76
1405.295316,31500,75
1405.295316,2000,15
819.755601,20212,64
1288.187373,24000,71
1171.07943,38400,80
702.647658,31018,75
644.093686,17000,52
105.397149,4867,20
175.661914,7000,38
702.647658,25500,69
702.647658,7900,44
296.940071,7221,32
1171.07943,22445,66
591.395112,19720,63
351.323829,12000,42
1143.47406,22333,58
1755.448065,22965,68
5269.857434,36985,84
1169.90835,21080,56
1932.281059,27655,75
351.323829,2446,30
1522.403259,19013,69
585.539715,11805,60
1756.619145,15200,62
175.661914,2471,27
117.107943,2600,26
761.201629,29000,74
4683.14664,32643,84
644.093686,9515,47
1905.7901,15903,56
199.083503,2205,23
140.529532,4001,23
175.661914,5295,44
936.863544,25270,69
1053.971487,16428,80
936.863544,16882,69
878.309572,19451,62
3161.91446,26397,75
1405.295316,18946,66
819.755601,17690,51
316.191446,7420,43
999.999949,21000,61
2459.266802,26000,70
234.215886,700,20
234.215886,8236,33
1171.07943,33973,81
1522.403259,24000,64
702.647658,24610,68
1580.95723,31703,83
234.215886,7200,32
702.647658,17500,63
409.8778,11000,48
234.215886,5500,39
233.044807,8931,50
234.215886,1309,18
187.372709,1015,15
1053.971487,29333,76
702.647658,24488,55
2927.698574,18956,73
6135.285132,46900,85
117.107943,1000,12
936.863544,14420,56
234.215886,1083,33
936.863544,26180,65
4.684318,1,1
11.710794,1,1
819.755601,10000,44
1171.07943,33710,79
2927.698574,38000,83
1756.619145,33375,79
2342.158859,48007,84
1171.07943,26400,67
3513.238289,28,74
2342.158859,41000,85
585.539715,18800,56
2517.820774,41000,78
233.044807,7502,32
427.443992,8502,47
9147.792481,1,1
4065.685547,13,52
4065.685547,20,57
8639.581788,1,1
2922.211487,1,1
819.755601,18837,63
351.323829,11526,39
5854.226069,27513,75
2195.727088,27823,79
351.323829,3000,37
304.480652,3300,33
234.215886,3100,29
234.215886,3100,29
3513.238289,35000,81
1171.07943,26868,74
468.431772,23901,69
644.093686,13286,50
292.769857,20275,56
1053.971487,30615,77
351.323829,13411,41
117.107943,20,3
87.830957,21,3
228.360489,20,5
275.203666,20,5
76.120163,22,3
117.107943,20,4
76.120163,20,3
105.397149,20,4
117.107943,16,3
5269.857434,46000,83
409.8778,8151,40
819.755601,27021,73
203.75611,4075,36
644.093686,8600,40
2342.158859,25784,69
140.529532,722,15
2342.158859,35341,84
503.564155,23800,54
10071.283096,40000,83
409.8778,16260,56
7612.016293,63600,85
761.201629,25000,63
585.539715,25000,40
503.564155,20000,57
351.323829,9061,43
4098.778004,31700,81
995.417515,18596,61
1873.727088,31000,70
819.755601,17608,57
608.996436,18526,64
526.985743,15950,52
2342.158859,46000,84
1756.619145,26150,65
2927.698574,37000,81
175.661914,1200,16
292.769857,7000,42
655.804481,20000,53
585.539715,13000,54
4684.317719,58000,85
2342.158859,44800,82
299.796334,1946,20
199.083503,1591,19
7026.476578,31784,84
971.995927,19000,61
1089.10387,25540,59
3513.238289,41000,72
300.967413,4043,30
702.647658,24000,56
538.696538,15200,42
526.985743,16362,57
995.417515,9473,47
936.863544,22000,50
1756.619145,33000,73
257.637475,10002,35
234.215886,7106,46
210.794297,4398,38
140.529532,2745,33
117.107943,1955,29
3903.207739,28000,71
468.431772,13400,37
316.191446,1726,19
1821.028513,21700,71
878.309572,18000,50
936.863544,11711,50
351.323829,11157,46
1756.619145,36526,76
2459.266802,17000,85
1990.835031,21546,55
1639.511202,30037,78
585.539715,18162,51
292.769857,1478,25
39709.04489,88000,85
1346.741344,35748,79
1405.295316,25163,78
890.020367,26654,68
761.201629,23048,63
878.309572,22097,67
702.647658,19000,60
585.539715,13125,50
526.985743,12259,48
374.745418,8159,41
4684.317719,42854,82
1171.07943,25800,70
3513.238289,46100,885
2927.698574,34700,84
794.180898,23113,67
526.985743,1111,24
23163.609519,82800,86
2927.698574,25000,72
2051.633986,7956,30
1756.619145,15000,55
995.417515,20000,63
702.647658,23278,65
1288.187373,21870,74
117.107943,908,32
117.107943,914,29
2107.942974,38536,84
117.107943,6000,20
456.720978,1850,26
35.132383,2000,14
455.549898,5888,31
1522.403259,38050,79
702.647658,28223,49
351.323829,15400,43
409.8778,14500,45
936.863544,13656,54
761.201629,28341,71
494.909878,1500,19
330.908707,5100,38
234.215886,11490,39
1405.295316,19239,53
1756.619145,22500,70
737.780041,23800,70
936.863544,15359,44
644.093686,23624,59
11709.623218,41250,79
2810.590631,29148,81
409.8778,16827,52
468.431772,14000,41
900.071684,17000,50
292.769857,16171,53
4098.778004,37000,74
878.309572,20000,62
351.323829,12198,42
1171.07943,28186,71
2342.158859,24559,64
878.309572,7869,39
878.309572,7873,39
888.849287,10000,50
11125.254582,46105,84
409.8778,9000,51
936.863544,27137,67
292.769857,8839,35
503.564155,14446,53
995.417515,29000,65
117.107943,1703,37
152.240326,2514,31
152.240326,1788,29
117.107943,1581,31
2342.158859,13500,55
1171.07943,24417,62
234.215886,7041,37
1405.295316,25766,75
2342.158859,41645,83
995.417515,24590,66
702.647658,17117,52
819.755601,24300,63
9368.635438,41000,83
175.661914,2528,21
1053.971487,16,61
819.755601,25557,61
794.1015,26145,60
2969.494399,17000,65
819.755601,18039,51
936.863544,23800,70
29.276986,514,16
1053.971487,335,6
1405.295316,33654,70
421.588595,14457,40
585.539715,13368,40
351.323829,10000,42
58.553971,475,13
585.539715,22484,61
936.863544,16082,50
613.645621,17008,51
280.003921,7917,36
819.802444,4927,34
995.417515,29500,74
585.539715,25384,64
351.323829,1500,20
409.8778,15000,54
386.456212,10850,48
1171.07943,27000,59
234.215886,8643,44
175.661914,1931,32
175.661914,925,14
935.692464,25000,73
626.527495,16472,52
644.093686,15860,60
819.755601,25572,68
140.529532,1655,29
234.215886,12005,49
2342.158859,27313,78
259.979633,721,14
1288.187373,10483,57
1990.835031,37309,81
878.309572,9973,44
649.949084,22735,63
491.85336,21893,67
819.755601,23500,68
4215.885947,49281,84
1463.849287,23700,64
25763.747454,36200,83
23.421589,500,6
81.97556,2000,10
1171.07943,9500,36
1756.619145,23300,59
351.323829,13340,52
585.539715,15610,52
585.539715,20048,58
14872.708758,70000,84
117.107943,2500,16
585.539715,16780,49
644.093686,12000,43
2342.158859,41000,84
2342.158859,18222,56
1288.187373,30013,74
1522.403259,35000,84
995.417515,26700,67
585.539715,4149,34
398.167006,8127,36
971.995927,25700,61
1756.619145,28613,83
936.863544,22000,63
52.698574,1007,13
1405.295316,1132,26
585.539715,15427,38
571.486762,20530,59
1171.07943,20820,57
175.661914,2016,38
409.8778,16334,57
966.14053,13599,46
1229.633401,10910,40
32.790224,1,3
79.633401,256,13
702.647658,8320,42
175.661914,4850,47
140.529532,1870,21
158.095723,1055,20
158.095723,2281,22
175.661914,1300,27
117.107943,1677,19
1053.971487,15478,65
269.348269,13050,53
5082.106934,13971,60
3981.670061,41000,73
1171.07943,6866,46
1171.07943,13800,46
1756.619145,34147,63
702.647658,8598,34
878.309572,17234,53
819.755601,13000,40
2225.050916,3200,73
1287.016293,31900,71
1522.403259,28000,81
2277.749491,20000,56
351.323829,15423,38
585.539715,24155,54
1873.727088,25057,78
1522.403259,28106,74
351.323829,2291,32
468.431772,22000,65
1990.835031,30252,71
819.755601,26265,67
1463.849287,43839,83
1580.95723,33923,82
1288.187373,29000,74
1264.765784,31000,76
2927.698574,34000,77
936.863544,20322,59
1053.971487,27900,73
497.708758,7229,39
468.431772,4700,53
792.820774,24035,71
1171.07943,30303,76
7026.476578,50000,85
819.755601,24235,74
23.421589,409,10
1171.07943,21513,69
117.107943,1220,26
1241.344196,21062,62
234.215886,9000,40
409.8778,24000,65
491.85336,13200,43
2342.158859,41600,81
351.323829,19000,47
3513.238289,41000,82
468.431772,12404,57
699.999847,7188,44
9368.635438,60000,81
562.118126,16480,51
351.323829,5253,36
2647.269659,29000,59
351.323829,9088,45
585.539715,13150,48
1873.727088,30076,76
2342.158859,33523,82
1171.07943,27232,71
3161.91446,44000,78
3044.806517,18626,56
4098.778004,43475,80
468.431772,9055,37
635.263367,5500,35
468.431772,17072,47
163.95112,2000,22
117.107943,1273,13
2340.98778,42000,82
1171.07943,10000,40
468.431772,17212,59
585.539715,12500,47
281.059063,5340,39
571.73703,21200,68
35.132383,1,2
585.539715,11105,32
585.539715,11961,39
1756.619145,32000,73
702.647658,16603,53
936.863544,25043,72
8197.556008,38470,79
2225.050916,32000,77
585.539715,14620,59
11710.794297,42000,83
1405.295316,23129,73
819.755601,18600,57
1873.727088,30864,72
175.661914,6436,31
360.692464,3277,33
234.215886,554,17
292.769857,503,17
29276.985743,84000,85
468.431772,6447,44
526.985743,10803,51
1639.511202,29550,77
5269.857434,50000,85
585.539715,18500,66
152.240326,1402,24
292.769857,5156,39
2576.374745,33000,75
2342.158859,33000,75
585.539715,16700,41
409.8778,16360,50
2342.158859,32000,77
3513.238289,42000,75
409.8778,16000,57
585.539715,12792,43
13011.863544,72300,85
926.544381,36280,79
761.201629,13052,64
70.264766,1700,15
234.215886,4000,35
81.97556,1,1
45.672098,1,1
23.421589,1,1
58.553971,1,1
11.710794,1,1
117.107943,1000,1
81.97556,880,1
64.409369,780,1
52.698574,680,1
40.98778,580,1
29.276986,480,1
644.093686,28000,64
526.985743,7044,39
468.431772,17824,58
1756.619145,15739,63
1111.277354,25001,66
936.863544,30475,74
526.985743,21043,54
2049.389002,32000,77
2377.291242,36300,84
1288.187373,16827,59
151.069246,1077,24
3513.238289,26000,66
8783.095723,27856,79
2342.158859,18465,57
3277.851324,37000,83
4977.087576,50000,79
1161.187773,29000,71
1785.89613,33000,75
6148.167006,54000,80
3074.083503,43000,79
878.309572,8500,38
1756.619145,30000,79
234.215886,9504,43
526.985743,7732,41
1171.07943,22324,64
409.8778,1755,25
2576.374745,38135,84
2927.698574,32000,72
1288.187373,13196,58
3513.238289,28600,82
3513.238289,36000,83
5855.397149,35419,84
936.863544,19500,50
468.431772,17000,43
936.863544,17573,62
351.323829,17500,62
1551.680244,28032,71
337.526882,3000,30
1171.07943,22611,66
8603.626393,65000,85
761.201629,21600,62
819.755601,17786,60
5855.397149,44200,85
585.539715,22710,68
819.755601,22432,65
281.059063,9009,39
2693.482688,40660,84
2342.158859,33184,82
445.010183,19848,53
2647.269659,24640,72
819.755601,11000,45
4098.778004,33000,75
2342.158859,33500,76
1720.725279,40015,79
31619.144603,50000,85
5855.397149,66000,85
1171.07943,14849,56
1171.07943,23500,62
468.431772,4000,31
234.215886,2890,32
995.417515,17712,46
995.417515,17712,46
995.417515,17712,46
2927.698574,19662,70
2342.158859,20012,73
584.368635,9464,48
144.04277,2000,26
761.201629,20700,56
1990.835031,28610,76
761.201629,13834,44
1171.07943,15320,62
626.527495,5558,47
363.034623,2139,33
585.539715,22900,51
468.431772,3762,35
292.769857,3000,30
526.985743,11724,41
1522.403259,8071,37
2927.698574,31200,74
2969.857434,30800,73
5855.397149,25000,72
3161.91446,29000,78
1169.90835,18500,73
525.814664,10500,43
115.936864,1657,23
234.215886,2300,27
468.431772,11000,33
607.790224,14722,56
70.264766,1280,16
234.215886,594,24
585.539715,4500,33
7026.476578,42400,84
7715.071283,54800,83
878.309572,16500,64
193.228106,8000,39
936.863544,29000,71
386.456212,2799,26
197.912424,8893,39
1171.07943,16372,59
2459.266802,15000,35
14052.953157,27600,78
292.769857,7500,36
3513.238289,45600,79
1405.295316,23216,72
245.92668,2521,31
936.863544,8000,40
702.647658,22954,63
796.334012,10000,39
936.863544,29653,77
175.661914,1033,15
4684.317719,20533,60
519.959267,1713,23
585.539715,15000,47
1990.835031,36800,79
1990.835031,36800,79
819.755601,24182,73
3903.207739,27208,67
1431.059063,16200,63
819.755601,15410,48
8197.556008,66000,82
409.8778,10700,54
3513.238289,37465,83
4098.778004,45125,85
117.107943,800,19
661.817415,20116,56
468.431772,6332,21
1171.07943,22390,61
292.769857,2626,27
1171.07943,3629,37
1171.07943,28490,72
585.539715,24000,73
351.323829,14500,52
409.8778,19048,51
409.8778,6000,35
234.215886,2200,26
878.309572,13000,51
761.201629,14800,59
2458.095723,45000,81
526.985743,12306,49
526.985743,9338,39
1522.403259,18300,70
1171.07943,22010,54
175.661914,913,12
409.8778,4456,27
1955.702648,10000,50
2064.669481,18170,63
644.093686,17300,59
819.755601,23184,70
1171.07943,36000,68
8665.98778,47000,84
1169.90835,30115,74
1287.016293,34081,79
702.647658,3488,33
488.925662,19000,55
409.8778,24879,57
701.476578,17100,50
1756.619145,24800,62
468.431772,17389,45
8197.556008,67821,85
761.201629,26416,62
292.769857,5172,37
1171.07943,27500,76
3513.238289,39000,84
4684.317719,37500,79
175.661914,4645,38
175.661914,1000,25
117.107943,1008,19
234.215886,5888,44
210.794297,4357,34
702.647658,20000,62
58.553971,571,15
292.769857,9000,47
234.215886,1012,20
146.384929,2300,22
263.492872,3032,38
117.107943,400,10
58.553971,414,18
58.553971,38,17
234.215886,1100,25
175.661914,1000,32
99.541752,400,23
702.647658,20000,68
263.492872,4000,43
2342.158859,35000,82
175.661914,2809,23
936.863544,27800,61
526.985743,18000,47
351.323829,11000,40
5269.857434,39500,84
2459.266802,33500,83
1171.07943,23687,65
1288.187373,25138,82
468.431772,11934,53
702.647658,24134,67
526.985743,22000,69
7155.606563,17000,40
8058.95107,20000,40
819.755601,26500,79
3981.670061,41500,84
1929.9389,24519,55
1171.07943,29300,73
808.044807,12300,42
779.9389,17224,50
199.083503,2162,23
3513.238289,43000,83
2107.942974,40704,85
468.431772,9991,47
1756.619145,28000,62
292.769857,8300,36
1756.619145,38819,77
819.755601,27600,67
1171.07943,26786,63
117.096232,950,16
585.539715,13200,51
468.431772,23000,66
2225.050916,34000,80
1171.07943,27100,66
122.96334,1122,24
468.431772,4335,31
585.539715,17181,52
5269.857434,41000,83
175.661914,4325,28
1463.849287,30556,78
1639.511202,25000,71
585.539715,15500,53
3513.238289,35429,77
468.431772,18000,49
351.323829,6088,33
995.417515,25200,70
3279.022403,41500,82
2927.698574,21000,61
257.637475,2736,40
292.769857,13400,46
409.8778,10005,35
503.564155,13944,33
351.323829,13000,53
854.887984,11533,38
5855.397149,35545,84
585.539715,2045,29
5855.397149,26141,82
3513.238289,32614,82
468.431772,4564,48
1171.07943,18741,57
317.631683,3500,30
1756.619145,10000,37
152.240326,3699,22
503.564155,14280,44
2342.158859,39000,82
1756.619145,24753,60
4098.778004,26900,72
351.323829,850,22
2049.389002,25000,63
1288.187373,35514,81
8197.556008,57219,85
257.637475,11200,46
878.309572,25112,74
1112.525458,25160,76
702.647658,28000,72
234.215886,6750,32
761.201629,20000,62
409.8778,12314,50
409.8778,8394,37
